fecha,temp_media,lluvia_mm,humedad_suelo,humedad_relativa,riesgo_chapulin,riesgo_pulgon,riesgo_cogollero,riesgo_arana_roja,estres_hidrico,nivel_alerta
2024-01-01,10.99,0.0,0.45,55.47,False,False,False,False,False,0
2024-01-02,10.87,0.0,0.45,58.37,False,False,False,False,False,0
2024-01-03,11.45,0.19,0.44,52.55,False,False,False,False,False,0
2024-01-04,10.84,0.04,0.44,70.67,False,False,False,False,False,0
2024-01-05,10.86,0.01,0.44,68.84,False,False,False,False,False,0
2024-01-06,11.49,0.08,0.44,56.53,False,False,False,False,False,0
2024-01-07,11.23,0.62,0.44,62.63,False,False,False,False,False,0
2024-01-08,11.84,0.02,0.43,69.34,False,False,False,False,False,0
2024-01-09,11.7,0.0,0.43,52.93,False,False,False,False,False,0
2024-01-10,11.18,0.03,0.43,61.06,False,False,False,False,False,0
2024-01-11,12.65,0.0,0.42,49.49,False,False,False,False,False,0
2024-01-12,14.1,0.0,0.42,42.3,False,False,False,False,False,0
2024-01-13,12.98,0.02,0.42,51.93,False,False,False,False,False,0
2024-01-14,14.0,0.03,0.42,45.78,False,False,False,False,False,0
2024-01-15,13.94,0.09,0.41,45.23,False,False,False,False,False,0
2024-01-16,14.09,0.31,0.41,50.56,False,False,False,False,False,0
2024-01-17,14.21,0.0,0.41,53.22,False,False,False,False,False,0
2024-01-18,14.39,0.0,0.4,39.08,False,False,False,False,False,0
2024-01-19,11.94,0.06,0.4,38.75,False,False,False,False,False,0
2024-01-20,9.81,0.57,0.41,70.97,False,False,False,False,False,0
2024-01-21,10.78,3.43,0.43,78.13,False,False,False,False,False,0
2024-01-22,12.45,0.4,0.43,67.47,False,False,False,False,False,0
2024-01-23,13.3,0.0,0.41,60.04,False,False,False,False,False,0
2024-01-24,13.24,0.01,0.4,60.93,False,False,False,False,False,0
2024-01-25,12.84,0.02,0.4,49.78,False,False,False,False,False,0
2024-01-26,13.15,0.02,0.39,45.19,False,False,False,False,False,0
2024-01-27,13.2,0.44,0.39,43.64,False,False,False,False,False,0
2024-01-28,10.42,0.22,0.4,67.78,False,False,False,False,False,0
2024-01-29,9.4,0.06,0.4,58.93,False,False,False,False,False,0
2024-01-30,10.64,0.0,0.39,45.25,False,False,False,False,False,0
2024-01-31,12.29,0.01,0.39,45.36,False,False,False,False,False,0
2024-02-01,11.97,0.02,0.39,56.78,False,False,False,False,False,0
2024-02-02,12.51,0.0,0.39,59.65,False,False,False,False,False,0
2024-02-03,11.09,0.0,0.38,60.33,False,False,False,False,False,0
2024-02-04,10.18,0.0,0.38,44.39,False,False,False,False,False,0
2024-02-05,9.43,0.0,0.37,35.46,False,False,False,False,False,0
2024-02-06,11.04,0.0,0.37,27.52,False,False,False,False,False,0
2024-02-07,13.49,0.0,0.37,36.0,False,False,False,False,False,0
2024-02-08,15.5,0.0,0.37,46.64,False,False,False,False,False,0
2024-02-09,14.97,0.0,0.36,45.23,False,False,False,False,False,0
2024-02-10,13.86,0.0,0.36,38.39,False,False,False,False,False,0
2024-02-11,14.28,0.0,0.36,36.17,False,False,False,False,False,0
2024-02-12,14.51,0.26,0.36,42.03,False,False,False,False,False,0
2024-02-13,13.78,0.04,0.36,52.66,False,False,False,False,False,0
2024-02-14,14.03,0.0,0.36,58.29,False,False,False,False,False,0
2024-02-15,13.85,0.22,0.36,62.12,False,False,False,False,False,0
2024-02-16,13.05,3.08,0.37,67.02,False,False,False,False,False,0
2024-02-17,8.8,10.14,0.49,78.81,False,False,False,False,False,0
2024-02-18,9.36,0.34,0.41,58.58,False,False,False,False,False,0
2024-02-19,11.66,0.0,0.39,36.06,False,False,False,False,False,0
2024-02-20,13.1,0.0,0.38,32.16,False,False,True,False,False,1
2024-02-21,13.69,0.0,0.38,28.59,False,False,True,False,False,1
2024-02-22,15.46,0.0,0.37,27.88,False,False,True,False,False,1
2024-02-23,15.58,0.0,0.37,32.62,False,False,True,False,False,1
2024-02-24,15.18,0.0,0.36,49.0,False,False,False,False,False,0
2024-02-25,15.83,0.0,0.36,40.99,False,False,False,False,False,0
2024-02-26,16.27,0.0,0.36,33.28,False,False,False,False,False,0
2024-02-27,16.32,0.0,0.35,30.02,False,False,False,False,False,0
2024-02-28,16.68,0.01,0.35,36.72,False,False,False,False,False,0
2024-02-29,15.21,0.18,0.35,42.05,False,False,False,False,False,0
2024-03-01,15.79,0.02,0.35,48.1,False,False,False,False,False,0
2024-03-02,15.67,0.01,0.35,40.2,False,False,False,False,False,0
2024-03-03,15.56,0.0,0.34,42.66,False,False,False,False,False,0
2024-03-04,15.57,0.0,0.34,41.71,False,False,False,False,False,0
2024-03-05,16.35,0.0,0.34,31.61,False,False,False,False,False,0
2024-03-06,16.65,0.0,0.34,31.27,False,False,False,False,False,0
2024-03-07,16.38,0.0,0.33,34.91,False,False,False,False,False,0
2024-03-08,17.46,0.0,0.33,26.46,False,False,False,False,False,0
2024-03-09,17.56,0.55,0.33,30.88,False,False,False,False,False,0
2024-03-10,15.78,0.54,0.34,53.46,False,False,False,False,False,0
2024-03-11,16.41,0.07,0.33,50.02,False,False,False,False,False,0
2024-03-12,16.87,0.01,0.33,45.2,False,False,False,False,False,0
2024-03-13,16.74,0.0,0.32,37.5,False,False,False,False,False,0
2024-03-14,16.89,0.0,0.32,35.07,False,False,False,False,False,0
2024-03-15,17.07,0.0,0.31,35.57,False,False,False,False,False,0
2024-03-16,16.8,0.0,0.31,34.06,False,False,False,False,False,0
2024-03-17,17.08,0.0,0.3,32.95,False,False,False,False,False,0
2024-03-18,17.86,1.38,0.31,39.29,False,False,False,False,False,0
2024-03-19,17.21,0.44,0.32,59.1,False,False,False,False,False,0
2024-03-20,18.16,0.67,0.31,47.71,False,False,False,False,False,0
2024-03-21,17.01,0.03,0.3,42.94,False,False,False,False,False,0
2024-03-22,17.14,0.07,0.29,38.38,False,False,False,False,False,0
2024-03-23,17.14,0.14,0.29,36.14,False,False,False,False,False,0
2024-03-24,16.07,0.0,0.28,36.98,False,False,False,False,False,0
2024-03-25,14.27,0.0,0.27,22.58,False,False,False,False,False,0
2024-03-26,16.06,0.0,0.26,18.42,False,False,False,False,False,0
2024-03-27,16.88,0.05,0.26,24.43,False,False,False,False,False,0
2024-03-28,15.33,0.12,0.25,52.08,False,False,False,False,False,0
2024-03-29,16.63,0.0,0.25,36.08,False,False,False,False,False,0
2024-03-30,17.53,0.0,0.24,27.87,False,False,False,False,True,0
2024-03-31,17.78,0.0,0.24,32.52,False,False,False,False,True,0
2024-04-01,17.78,0.0,0.23,37.1,False,False,False,False,True,0
2024-04-02,18.3,0.01,0.23,38.84,False,False,False,False,True,0
2024-04-03,17.78,0.25,0.23,44.17,False,False,False,False,True,0
2024-04-04,16.4,0.08,0.23,46.12,False,False,False,False,True,0
2024-04-05,16.64,0.01,0.22,39.5,False,False,False,False,True,0
2024-04-06,17.14,0.0,0.22,37.61,False,False,False,False,True,0
2024-04-07,18.01,0.0,0.21,33.56,False,False,False,False,True,0
2024-04-08,17.79,0.0,0.21,37.64,False,False,False,False,True,0
2024-04-09,17.46,0.0,0.21,37.94,False,False,False,False,True,0
2024-04-10,17.7,0.0,0.21,46.51,False,False,False,False,True,0
2024-04-11,16.31,0.0,0.2,46.65,False,False,False,False,True,0
2024-04-12,17.15,0.13,0.2,43.85,False,False,False,False,True,0
2024-04-13,17.94,0.0,0.2,40.18,False,False,False,False,True,0
2024-04-14,18.82,0.0,0.2,31.89,False,False,False,False,True,0
2024-04-15,20.1,0.03,0.19,35.42,False,False,False,False,True,0
2024-04-16,20.28,0.01,0.19,39.28,False,False,False,False,True,0
2024-04-17,20.7,0.03,0.18,38.38,False,False,False,False,True,0
2024-04-18,20.26,0.22,0.18,37.32,False,False,False,False,True,0
2024-04-19,19.04,1.41,0.2,49.42,False,False,False,False,True,0
2024-04-20,18.73,4.0,0.27,51.32,False,False,True,False,False,1
2024-04-21,18.46,4.94,0.36,48.96,False,False,True,False,False,1
2024-04-22,16.2,5.12,0.42,68.22,False,False,True,False,False,1
2024-04-23,17.65,0.92,0.37,57.65,False,False,True,False,False,1
2024-04-24,18.72,0.04,0.34,49.61,False,False,True,False,False,1
2024-04-25,19.32,0.06,0.32,46.5,False,False,True,False,False,1
2024-04-26,18.94,0.3,0.32,47.47,False,False,True,False,False,1
2024-04-27,18.73,0.01,0.31,44.11,False,False,True,False,False,1
2024-04-28,18.21,0.0,0.3,38.81,False,False,True,False,False,1
2024-04-29,18.32,0.26,0.29,37.84,False,False,False,False,False,0
2024-04-30,18.92,0.02,0.28,39.13,False,False,False,False,False,0
2024-05-01,18.62,0.0,0.28,43.12,False,False,False,False,False,0
2024-05-02,19.39,0.0,0.27,36.59,False,False,False,False,False,0
2024-05-03,20.55,1.33,0.28,35.27,False,False,False,False,False,0
2024-05-04,20.5,0.78,0.29,38.91,False,False,False,False,False,0
2024-05-05,20.93,0.9,0.29,41.16,False,False,False,False,False,0
2024-05-06,21.07,0.55,0.29,36.93,False,False,False,False,False,0
2024-05-07,21.48,0.79,0.28,27.18,False,False,False,False,False,0
2024-05-08,20.78,0.45,0.29,30.84,False,False,False,False,False,0
2024-05-09,22.29,0.1,0.26,30.11,False,False,False,False,False,0
2024-05-10,22.72,0.0,0.24,24.84,False,True,False,False,True,1
2024-05-11,21.97,0.17,0.23,25.22,False,False,False,False,True,0
2024-05-12,20.65,0.05,0.22,32.22,False,False,False,False,True,0
2024-05-13,20.33,0.62,0.22,28.69,False,False,False,False,True,0
2024-05-14,20.31,0.33,0.22,38.04,False,False,False,False,True,0
2024-05-15,20.12,1.72,0.24,38.75,False,False,False,False,True,0
2024-05-16,20.29,1.99,0.3,44.99,False,False,False,False,False,0
2024-05-17,21.05,0.72,0.29,42.35,False,False,True,False,False,1
2024-05-18,20.79,2.87,0.32,54.85,False,False,True,False,False,1
2024-05-19,20.82,0.75,0.33,55.0,False,False,True,False,False,1
2024-05-20,20.88,0.06,0.29,49.0,False,False,True,False,False,1
2024-05-21,21.23,0.0,0.27,40.48,False,True,True,False,False,2
2024-05-22,21.64,4.58,0.28,52.31,False,False,True,False,False,1
2024-05-23,21.51,2.81,0.38,54.72,False,False,True,False,False,1
2024-05-24,22.02,3.27,0.35,46.95,False,False,True,False,False,1
2024-05-25,22.2,0.32,0.34,44.28,False,False,True,False,False,1
2024-05-26,21.55,4.88,0.36,49.55,False,False,True,False,False,1
2024-05-27,21.02,0.07,0.34,41.63,False,False,True,False,False,1
2024-05-28,21.09,0.09,0.31,36.79,False,False,True,False,False,1
2024-05-29,20.21,1.47,0.32,41.35,False,False,True,False,False,1
2024-05-30,19.96,2.12,0.34,47.0,False,False,True,False,False,1
2024-05-31,20.64,0.0,0.33,45.92,False,True,True,False,False,2
2024-06-01,20.65,0.0,0.3,40.25,False,True,True,False,False,2
2024-06-02,20.55,0.0,0.29,32.3,False,True,False,False,False,1
2024-06-03,21.31,0.0,0.27,33.46,False,True,False,False,False,1
2024-06-04,21.06,0.31,0.26,39.62,False,False,False,False,False,0
2024-06-05,21.24,0.27,0.26,35.66,False,False,False,False,False,0
2024-06-06,20.79,0.38,0.25,36.98,False,False,False,False,False,0
2024-06-07,20.35,0.26,0.25,37.54,False,False,False,False,False,0
2024-06-08,19.46,1.48,0.26,49.1,False,False,False,False,False,0
2024-06-09,18.98,3.59,0.32,56.57,False,False,True,False,False,1
2024-06-10,18.37,0.34,0.34,63.57,False,False,True,False,False,1
2024-06-11,18.47,0.0,0.31,51.87,False,False,True,False,False,1
2024-06-12,18.67,0.0,0.29,47.97,False,False,True,False,False,1
2024-06-13,19.14,0.0,0.27,58.66,False,False,True,False,False,1
2024-06-14,19.37,0.0,0.26,58.9,False,False,True,False,False,1
2024-06-15,18.87,0.0,0.25,54.15,False,False,False,False,False,0
2024-06-16,19.28,0.0,0.24,49.87,False,False,False,False,True,0
2024-06-17,19.29,0.0,0.22,50.44,False,False,False,False,True,0
2024-06-18,18.65,5.27,0.26,56.2,False,False,True,False,False,1
2024-06-19,16.56,13.72,0.45,71.3,False,False,True,False,False,1
2024-06-20,16.03,20.83,0.53,79.92,False,False,True,False,False,1
2024-06-21,14.17,13.5,0.5,76.07,False,False,True,False,False,1
2024-06-22,14.39,7.49,0.46,78.62,False,False,True,False,False,1
2024-06-23,15.26,15.02,0.52,79.91,False,False,True,False,False,1
2024-06-24,15.3,23.82,0.58,80.87,False,False,True,False,False,1
2024-06-25,15.96,6.87,0.53,77.35,False,False,True,False,False,1
2024-06-26,15.91,1.91,0.5,81.37,False,False,True,False,False,1
2024-06-27,15.23,0.0,0.47,80.93,False,False,True,False,False,1
2024-06-28,15.67,0.0,0.46,76.54,False,False,True,False,False,1
2024-06-29,17.1,2.71,0.46,67.19,False,False,True,False,False,1
2024-06-30,14.88,35.93,0.59,83.67,False,False,True,False,False,1
2024-07-01,14.96,0.0,0.55,82.99,False,False,True,False,False,1
2024-07-02,15.73,8.77,0.56,75.65,False,False,True,False,False,1
2024-07-03,15.0,7.87,0.57,79.56,False,False,True,False,False,1
2024-07-04,16.73,4.69,0.56,71.01,False,False,True,False,False,1
2024-07-05,16.13,1.3,0.53,67.35,False,False,True,False,False,1
2024-07-06,16.67,0.76,0.52,67.38,False,False,True,False,False,1
2024-07-07,17.94,1.42,0.51,67.54,False,False,True,False,False,1
2024-07-08,18.0,3.83,0.51,66.05,False,False,True,False,False,1
2024-07-09,16.48,18.28,0.58,74.91,False,False,True,False,False,1
2024-07-10,13.84,13.16,0.62,83.56,False,False,True,False,False,1
2024-07-11,14.25,15.61,0.65,85.94,False,False,True,False,False,1
2024-07-12,14.92,3.09,0.6,75.85,False,False,True,False,False,1
2024-07-13,13.8,3.67,0.59,73.99,False,False,True,False,False,1
2024-07-14,14.58,4.8,0.59,76.79,False,False,True,False,False,1
2024-07-15,15.66,4.67,0.6,75.74,False,False,True,False,False,1
2024-07-16,16.04,1.83,0.58,74.97,False,False,True,False,False,1
2024-07-17,16.38,11.26,0.62,80.02,False,False,True,False,False,1
2024-07-18,16.11,11.07,0.63,81.78,False,False,True,False,False,1
2024-07-19,15.86,4.55,0.62,82.19,False,False,True,False,False,1
2024-07-20,15.96,3.85,0.61,78.46,False,False,True,False,False,1
2024-07-21,15.19,4.11,0.62,82.46,False,False,True,False,False,1
2024-07-22,13.93,18.36,0.68,85.59,False,False,True,False,False,1
2024-07-23,15.4,22.84,0.7,84.23,False,False,True,False,False,1
2024-07-24,15.66,9.35,0.7,84.83,False,False,True,False,False,1
2024-07-25,16.09,4.97,0.67,76.97,False,False,True,False,False,1
2024-07-26,15.58,5.43,0.67,81.85,False,False,True,False,False,1
2024-07-27,15.5,7.67,0.68,83.3,False,False,True,False,False,1
2024-07-28,15.51,4.48,0.67,81.78,False,False,True,False,False,1
2024-07-29,16.02,6.77,0.67,78.96,False,False,True,False,False,1
2024-07-30,15.8,5.3,0.67,78.66,False,False,True,False,False,1
2024-07-31,15.05,5.27,0.67,75.31,False,False,True,False,False,1
2024-08-01,14.89,3.15,0.66,77.78,False,False,True,False,False,1
2024-08-02,13.49,3.48,0.66,83.19,False,False,True,False,False,1
2024-08-03,14.74,4.29,0.66,79.22,False,False,True,False,False,1
2024-08-04,15.76,4.51,0.66,75.14,False,False,True,False,False,1
2024-08-05,16.06,5.57,0.66,77.53,False,False,True,False,False,1
2024-08-06,15.93,6.43,0.67,80.73,False,False,True,False,False,1
2024-08-07,15.84,2.97,0.67,85.32,False,False,True,False,False,1
2024-08-08,16.29,1.7,0.66,78.87,False,False,True,False,False,1
2024-08-09,16.09,4.72,0.66,78.86,False,False,True,False,False,1
2024-08-10,15.3,1.83,0.64,76.76,False,False,True,False,False,1
2024-08-11,15.27,9.16,0.67,84.57,False,False,True,False,False,1
2024-08-12,14.42,5.62,0.67,84.47,False,False,True,False,False,1
2024-08-13,15.2,4.93,0.67,81.08,False,False,True,False,False,1
2024-08-14,15.66,8.67,0.67,79.49,False,False,True,False,False,1
2024-08-15,15.73,7.56,0.69,82.3,False,False,True,False,False,1
2024-08-16,15.14,12.93,0.7,84.28,False,False,True,False,False,1
2024-08-17,16.05,7.95,0.7,79.28,False,False,True,False,False,1
2024-08-18,16.26,3.04,0.68,80.13,False,False,True,False,False,1
2024-08-19,15.71,1.05,0.67,78.81,False,False,True,False,False,1
2024-08-20,14.92,1.91,0.66,77.91,False,False,True,False,False,1
2024-08-21,14.81,3.77,0.66,79.3,False,False,True,False,False,1
2024-08-22,14.78,4.98,0.66,79.92,False,False,True,False,False,1
2024-08-23,14.44,9.05,0.68,82.35,False,False,True,False,False,1
2024-08-24,15.2,2.24,0.66,73.83,False,False,True,False,False,1
2024-08-25,15.22,3.66,0.66,76.06,False,False,True,False,False,1
2024-08-26,15.28,1.36,0.65,78.44,False,False,True,False,False,1
2024-08-27,15.6,6.51,0.66,79.81,False,False,True,False,False,1
2024-08-28,15.54,7.1,0.67,83.92,False,False,True,False,False,1
2024-08-29,16.39,8.57,0.68,78.62,False,False,True,False,False,1
2024-08-30,15.41,8.23,0.7,88.54,False,False,True,False,False,1
2024-08-31,16.28,6.77,0.69,82.26,False,False,True,False,False,1
2024-09-01,16.15,9.26,0.7,85.73,False,False,True,False,False,1
2024-09-02,16.38,3.94,0.69,83.28,False,False,True,False,False,1
2024-09-03,16.68,10.18,0.7,82.43,False,False,True,False,False,1
2024-09-04,16.63,1.63,0.69,78.36,False,False,True,False,False,1
2024-09-05,15.28,4.1,0.69,87.82,False,False,True,False,False,1
2024-09-06,14.95,8.83,0.7,85.48,False,False,True,False,False,1
2024-09-07,14.56,8.48,0.71,87.24,False,False,True,False,False,1
2024-09-08,13.61,1.66,0.69,84.47,False,False,True,False,False,1
2024-09-09,14.59,4.98,0.69,84.46,False,False,True,False,False,1
2024-09-10,15.73,9.64,0.72,86.22,False,False,True,False,False,1
2024-09-11,15.68,4.82,0.71,86.17,False,False,True,False,False,1
2024-09-12,16.12,5.05,0.71,85.65,False,False,True,False,False,1
2024-09-13,16.27,13.11,0.73,87.18,False,False,True,False,False,1
2024-09-14,16.33,4.07,0.73,86.79,False,False,True,False,False,1
2024-09-15,16.26,7.5,0.73,86.6,False,False,True,False,False,1
2024-09-16,15.31,10.03,0.74,92.01,False,False,True,False,False,1
2024-09-17,15.9,5.96,0.74,87.5,False,False,True,False,False,1
2024-09-18,16.0,6.51,0.74,86.79,False,False,True,False,False,1
2024-09-19,16.4,4.59,0.74,81.93,False,False,True,False,False,1
2024-09-20,16.44,4.39,0.73,79.0,False,False,True,False,False,1
2024-09-21,16.16,2.83,0.73,79.03,False,False,True,False,False,1
2024-09-22,16.08,3.83,0.73,82.09,False,False,True,False,False,1
2024-09-23,15.27,7.85,0.73,82.66,False,False,True,False,False,1
2024-09-24,14.89,2.95,0.73,84.56,False,False,True,False,False,1
2024-09-25,14.36,5.89,0.73,82.47,False,False,True,False,False,1
2024-09-26,13.56,15.21,0.76,89.18,False,False,True,False,False,1
2024-09-27,13.23,10.24,0.77,92.61,False,False,True,False,False,1
2024-09-28,14.56,8.88,0.76,87.64,False,False,True,False,False,1
2024-09-29,13.67,9.07,0.77,86.08,False,False,True,False,False,1
2024-09-30,13.55,4.38,0.76,78.4,False,False,True,False,False,1
2024-10-01,12.08,6.01,0.76,86.22,False,False,True,False,False,1
2024-10-02,11.46,2.68,0.76,87.08,False,False,False,False,False,0
2024-10-03,12.55,0.3,0.75,77.86,False,False,True,False,False,1
2024-10-04,13.45,4.72,0.76,87.24,False,False,True,False,False,1
2024-10-05,13.81,11.63,0.77,87.64,False,False,True,False,False,1
2024-10-06,13.94,11.2,0.78,89.76,False,False,True,False,False,1
2024-10-07,13.61,8.61,0.78,87.3,False,False,True,False,False,1
2024-10-08,13.61,2.05,0.77,83.86,False,False,True,False,False,1
2024-10-09,12.11,0.5,0.76,76.61,False,False,True,False,False,1
2024-10-10,9.87,0.0,0.75,68.45,False,False,False,False,False,0
2024-10-11,8.84,0.0,0.74,71.19,False,False,False,False,False,0
2024-10-12,10.03,0.49,0.74,74.2,False,False,False,False,False,0
2024-10-13,11.94,0.41,0.73,75.91,False,False,False,False,False,0
2024-10-14,13.49,0.95,0.73,79.06,False,False,False,False,False,0
2024-10-15,14.03,0.95,0.73,73.02,False,False,False,False,False,0
2024-10-16,13.14,0.17,0.72,72.85,False,False,False,False,False,0
2024-10-17,12.1,1.14,0.72,82.54,False,False,False,False,False,0
2024-10-18,12.94,1.18,0.71,81.77,False,False,True,False,False,1
2024-10-19,11.51,0.84,0.71,80.52,False,False,False,False,False,0
2024-10-20,10.8,11.84,0.73,89.02,False,False,False,False,False,0
2024-10-21,12.74,15.62,0.76,88.36,False,False,True,False,False,1
2024-10-22,13.11,1.41,0.74,82.7,False,False,True,False,False,1
2024-10-23,11.66,0.68,0.73,73.46,False,False,False,False,False,0
2024-10-24,11.92,0.14,0.72,69.32,False,False,False,False,False,0
2024-10-25,12.13,0.28,0.71,73.3,False,False,True,False,False,1
2024-10-26,12.38,0.03,0.71,83.68,False,False,True,False,False,1
2024-10-27,11.31,1.69,0.71,81.47,False,False,False,False,False,0
2024-10-28,11.76,2.4,0.71,81.83,False,False,False,False,False,0
2024-10-29,12.72,1.67,0.71,81.96,False,False,True,False,False,1
2024-10-30,14.13,1.31,0.7,77.66,False,False,True,False,False,1
2024-10-31,14.32,1.7,0.7,81.68,False,False,True,False,False,1
2024-11-01,13.71,2.22,0.69,80.68,False,False,True,False,False,1
2024-11-02,14.27,1.4,0.69,81.78,False,False,True,False,False,1
2024-11-03,14.56,0.91,0.69,84.69,False,False,True,False,False,1
2024-11-04,15.2,0.84,0.68,82.31,False,False,True,False,False,1
2024-11-05,15.21,1.24,0.68,79.31,False,False,True,False,False,1
2024-11-06,15.07,1.18,0.68,78.57,False,False,True,False,False,1
2024-11-07,15.32,0.4,0.67,75.36,False,False,True,False,False,1
2024-11-08,14.77,0.26,0.66,74.96,False,False,True,False,False,1
2024-11-09,14.32,0.0,0.66,71.44,False,False,False,False,False,0
2024-11-10,13.13,0.0,0.65,73.19,False,False,False,False,False,0
2024-11-11,12.19,0.0,0.64,63.09,False,False,False,False,False,0
2024-11-12,12.7,0.0,0.64,63.48,False,False,False,False,False,0
2024-11-13,12.82,0.0,0.63,71.61,False,False,False,False,False,0
2024-11-14,10.34,0.82,0.63,78.4,False,False,False,False,False,0
2024-11-15,12.05,0.14,0.63,71.88,False,False,False,False,False,0
2024-11-16,13.42,0.02,0.62,69.29,False,False,False,False,False,0
2024-11-17,14.02,0.0,0.62,73.5,False,False,False,False,False,0
2024-11-18,14.52,0.0,0.61,72.52,False,False,False,False,False,0
2024-11-19,15.24,1.85,0.61,82.21,False,False,False,False,False,0
2024-11-20,11.84,12.62,0.66,86.77,False,False,False,False,False,0
2024-11-21,10.17,0.75,0.63,77.47,False,False,False,False,False,0
2024-11-22,9.09,0.0,0.62,66.54,False,False,False,False,False,0
2024-11-23,9.57,0.0,0.61,44.96,False,False,False,False,False,0
2024-11-24,10.41,0.0,0.6,44.52,False,False,False,False,False,0
2024-11-25,10.15,0.0,0.6,43.51,False,False,False,False,False,0
2024-11-26,8.32,0.0,0.59,43.97,False,False,False,False,False,0
2024-11-27,13.52,0.0,0.59,33.31,False,False,False,False,False,0
2024-11-28,13.46,0.0,0.58,40.5,False,False,False,False,False,0
2024-11-29,11.31,0.24,0.58,67.48,False,False,False,False,False,0
2024-11-30,11.38,0.02,0.57,72.79,False,False,False,False,False,0
2024-12-01,11.01,0.0,0.57,69.28,False,False,False,False,False,0
2024-12-02,10.62,0.05,0.56,70.66,False,False,False,False,False,0
2024-12-03,9.94,1.23,0.56,76.1,False,False,False,False,False,0
2024-12-04,12.15,0.3,0.56,70.14,False,False,False,False,False,0
2024-12-05,12.67,0.16,0.55,70.5,False,False,False,False,False,0
2024-12-06,12.05,0.48,0.55,71.51,False,False,False,False,False,0
2024-12-07,12.04,0.02,0.55,64.34,False,False,False,False,False,0
2024-12-08,12.4,0.0,0.54,44.92,False,False,False,False,False,0
2024-12-09,12.91,0.0,0.54,57.67,False,False,False,False,False,0
2024-12-10,13.98,0.8,0.54,58.79,False,False,False,False,False,0
2024-12-11,8.66,0.92,0.54,71.31,False,False,False,False,False,0
2024-12-12,12.03,0.0,0.53,53.15,False,False,False,False,False,0
2024-12-13,12.99,0.0,0.53,53.06,False,False,False,False,False,0
2024-12-14,12.36,0.0,0.53,68.12,False,False,False,False,False,0
2024-12-15,10.81,0.0,0.52,67.48,False,False,False,False,False,0
2024-12-16,10.42,0.0,0.52,59.63,False,False,False,False,False,0
2024-12-17,9.57,0.07,0.52,69.63,False,False,False,False,False,0
2024-12-18,10.36,1.73,0.52,79.64,False,False,False,False,False,0
2024-12-19,11.03,2.18,0.53,81.06,False,False,False,False,False,0
2024-12-20,9.86,0.72,0.52,78.51,False,False,False,False,False,0
2024-12-21,10.34,1.48,0.52,76.33,False,False,False,False,False,0
2024-12-22,10.39,5.73,0.55,81.64,False,False,False,False,False,0
2024-12-23,9.99,0.43,0.54,79.2,False,False,False,False,False,0
2024-12-24,10.1,0.09,0.53,69.62,False,False,False,False,False,0
2024-12-25,10.2,0.03,0.53,76.09,False,False,False,False,False,0
2024-12-26,10.74,0.0,0.52,62.56,False,False,False,False,False,0
2024-12-27,11.43,0.0,0.51,46.35,False,False,False,False,False,0
2024-12-28,11.33,0.0,0.51,43.59,False,False,False,False,False,0
2024-12-29,11.19,0.0,0.51,47.52,False,False,False,False,False,0
2024-12-30,11.85,0.0,0.5,43.89,False,False,False,False,False,0
2024-12-31,10.81,0.0,0.5,41.4,False,False,False,False,False,0
2025-01-01,11.08,0.01,0.5,49.44,False,False,False,False,False,0
2025-01-02,10.54,0.15,0.5,70.96,False,False,False,False,False,0
2025-01-03,10.52,0.65,0.5,75.07,False,False,False,False,False,0
2025-01-04,11.06,0.17,0.5,66.9,False,False,False,False,False,0
2025-01-05,10.87,0.32,0.5,65.41,False,False,False,False,False,0
2025-01-06,10.63,0.49,0.5,67.36,False,False,False,False,False,0
2025-01-07,11.7,0.26,0.5,66.7,False,False,False,False,False,0
2025-01-08,11.85,1.28,0.5,73.72,False,False,False,False,False,0
2025-01-09,11.66,0.02,0.49,76.69,False,False,False,False,False,0
2025-01-10,10.66,4.36,0.51,84.67,False,False,False,False,False,0
2025-01-11,11.81,7.75,0.56,87.64,False,False,False,False,False,0
2025-01-12,11.57,1.1,0.53,85.59,False,False,False,False,False,0
2025-01-13,12.57,0.04,0.51,74.44,False,False,True,False,False,1
2025-01-14,12.7,0.9,0.51,74.62,False,False,True,False,False,1
2025-01-15,13.39,0.38,0.5,69.05,False,False,True,False,False,1
2025-01-16,12.13,0.15,0.5,68.55,False,False,True,False,False,1
2025-01-17,13.14,0.01,0.49,65.35,False,False,True,False,False,1
2025-01-18,13.25,0.0,0.49,62.47,False,False,False,False,False,0
2025-01-19,12.95,0.6,0.49,59.41,False,False,False,False,False,0
2025-01-20,11.96,0.09,0.49,70.84,False,False,False,False,False,0
2025-01-21,11.35,0.4,0.48,64.12,False,False,False,False,False,0
2025-01-22,11.34,0.01,0.48,59.36,False,False,False,False,False,0
2025-01-23,12.28,0.09,0.48,55.85,False,False,False,False,False,0
2025-01-24,9.53,0.33,0.48,72.17,False,False,False,False,False,0
2025-01-25,11.31,0.03,0.48,62.99,False,False,False,False,False,0
2025-01-26,12.88,0.0,0.47,53.75,False,False,False,False,False,0
2025-01-27,13.24,0.0,0.47,48.58,False,False,False,False,False,0
2025-01-28,13.93,0.0,0.47,48.95,False,False,False,False,False,0
2025-01-29,13.5,0.0,0.46,56.07,False,False,False,False,False,0
2025-01-30,13.47,0.03,0.46,58.81,False,False,False,False,False,0
2025-01-31,13.36,0.29,0.46,55.22,False,False,False,False,False,0
2025-02-01,12.44,0.95,0.47,73.96,False,False,False,False,False,0
2025-02-02,13.16,4.75,0.49,74.72,False,False,True,False,False,1
2025-02-03,13.34,0.4,0.48,67.27,False,False,True,False,False,1
2025-02-04,13.88,0.84,0.47,64.51,False,False,True,False,False,1
2025-02-05,13.99,0.26,0.47,63.51,False,False,True,False,False,1
2025-02-06,13.85,0.02,0.46,59.13,False,False,True,False,False,1
2025-02-07,13.72,0.02,0.45,62.07,False,False,True,False,False,1
2025-02-08,13.78,0.0,0.45,56.62,False,False,True,False,False,1
2025-02-09,14.05,0.01,0.45,50.11,False,False,False,False,False,0
2025-02-10,14.37,0.0,0.45,52.54,False,False,False,False,False,0
2025-02-11,14.12,0.14,0.45,59.21,False,False,False,False,False,0
2025-02-12,13.84,0.12,0.44,60.42,False,False,False,False,False,0
2025-02-13,14.15,1.82,0.45,57.16,False,False,False,False,False,0
2025-02-14,14.08,0.15,0.45,62.75,False,False,False,False,False,0
2025-02-15,14.81,0.0,0.44,56.04,False,False,False,False,False,0
2025-02-16,13.29,1.2,0.44,60.05,False,False,False,False,False,0
2025-02-17,14.14,0.53,0.44,65.54,False,False,False,False,False,0
2025-02-18,14.24,6.21,0.48,68.05,False,False,True,False,False,1
2025-02-19,11.73,1.37,0.48,72.61,False,False,False,False,False,0
2025-02-20,12.7,1.26,0.46,68.76,False,False,True,False,False,1
2025-02-21,13.15,5.89,0.49,71.52,False,False,True,False,False,1
2025-02-22,14.21,2.06,0.48,71.15,False,False,True,False,False,1
2025-02-23,14.62,0.23,0.46,65.67,False,False,True,False,False,1
2025-02-24,13.78,0.01,0.45,49.24,False,False,True,False,False,1
2025-02-25,13.99,0.0,0.44,38.01,False,False,True,False,False,1
2025-02-26,15.18,0.0,0.44,56.85,False,False,True,False,False,1
2025-02-27,15.88,0.17,0.44,59.09,False,False,True,False,False,1
2025-02-28,15.61,0.13,0.43,61.63,False,False,False,False,False,0
2025-03-01,15.59,0.05,0.43,53.77,False,False,False,False,False,0
2025-03-02,15.89,0.16,0.43,52.68,False,False,False,False,False,0
2025-03-03,16.6,0.07,0.42,49.06,False,False,False,False,False,0
2025-03-04,15.94,0.06,0.42,42.86,False,False,False,False,False,0
2025-03-05,14.94,0.08,0.41,43.63,False,False,False,False,False,0
2025-03-06,14.96,0.0,0.41,40.58,False,False,False,False,False,0
2025-03-07,15.69,0.0,0.41,39.19,False,False,False,False,False,0
2025-03-08,16.28,0.0,0.4,37.71,False,False,False,False,False,0
2025-03-09,15.62,0.02,0.4,39.95,False,False,False,False,False,0
2025-03-10,15.01,0.0,0.4,44.22,False,False,False,False,False,0
2025-03-11,15.72,0.0,0.4,49.41,False,False,False,False,False,0
2025-03-12,16.37,0.0,0.39,38.56,False,False,False,False,False,0
2025-03-13,16.15,0.0,0.39,34.0,False,False,False,False,False,0
2025-03-14,15.67,0.0,0.39,36.84,False,False,False,False,False,0
2025-03-15,14.9,0.01,0.38,37.54,False,False,False,False,False,0
2025-03-16,15.24,0.09,0.38,37.75,False,False,False,False,False,0
2025-03-17,13.32,0.0,0.38,46.65,False,False,False,False,False,0
2025-03-18,15.86,0.0,0.38,37.61,False,False,False,False,False,0
2025-03-19,16.26,0.03,0.37,40.32,False,False,False,False,False,0
2025-03-20,11.8,1.17,0.38,63.04,False,False,False,False,False,0
2025-03-21,15.24,1.41,0.38,59.67,False,False,False,False,False,0
2025-03-22,15.0,0.54,0.4,57.41,False,False,False,False,False,0
2025-03-23,16.95,0.41,0.38,44.68,False,False,False,False,False,0
2025-03-24,16.72,0.04,0.38,44.63,False,False,False,False,False,0
2025-03-25,16.48,0.67,0.37,53.15,False,False,False,False,False,0
2025-03-26,16.28,3.64,0.4,62.67,False,False,True,False,False,1
2025-03-27,16.05,0.39,0.4,55.29,False,False,True,False,False,1
2025-03-28,15.18,0.0,0.37,42.19,False,False,True,False,False,1
2025-03-29,15.3,0.0,0.36,34.63,False,False,True,False,False,1
2025-03-30,16.67,0.0,0.36,29.69,False,False,False,False,False,0
2025-03-31,17.68,0.0,0.35,30.94,False,False,False,False,False,0
2025-04-01,17.39,0.0,0.35,31.3,False,False,False,False,False,0
2025-04-02,16.99,0.0,0.34,30.23,False,False,False,False,False,0
2025-04-03,16.34,0.0,0.34,33.23,False,False,False,False,False,0
2025-04-04,15.96,0.0,0.33,35.77,False,False,False,False,False,0
2025-04-05,16.88,0.0,0.33,40.47,False,False,False,False,False,0
2025-04-06,16.62,0.78,0.33,43.53,False,False,False,False,False,0
2025-04-07,14.99,0.38,0.33,49.46,False,False,False,False,False,0
2025-04-08,14.13,0.14,0.33,53.99,False,False,False,False,False,0
2025-04-09,15.15,0.0,0.32,43.53,False,False,False,False,False,0
2025-04-10,13.79,0.0,0.31,27.17,False,False,False,False,False,0
2025-04-11,11.85,0.0,0.3,24.16,False,False,False,False,False,0
2025-04-12,11.35,0.0,0.29,31.99,False,False,False,False,False,0
2025-04-13,12.7,0.0,0.28,23.25,False,False,False,False,False,0
2025-04-14,13.95,0.0,0.28,26.59,False,False,False,False,False,0
2025-04-15,13.99,0.0,0.27,33.79,False,False,False,False,False,0
2025-04-16,15.12,0.0,0.26,37.32,False,False,False,False,False,0
2025-04-17,17.34,0.0,0.26,26.76,False,False,False,False,False,0
2025-04-18,18.0,0.0,0.25,31.71,False,False,False,False,False,0
2025-04-19,18.53,0.03,0.25,31.08,False,False,False,False,False,0
2025-04-20,18.23,0.39,0.25,42.41,False,False,False,False,False,0
2025-04-21,17.78,1.8,0.26,53.83,False,False,False,False,False,0
2025-04-22,18.45,1.21,0.3,50.8,False,False,False,False,False,0
2025-04-23,18.35,0.73,0.3,43.59,False,False,False,False,False,0
2025-04-24,18.86,1.42,0.33,47.44,False,False,True,False,False,1
2025-04-25,18.55,2.29,0.34,54.9,False,False,True,False,False,1
2025-04-26,18.17,0.28,0.34,54.03,False,False,True,False,False,1
2025-04-27,16.5,0.0,0.31,36.51,False,False,True,False,False,1
2025-04-28,16.89,0.04,0.29,27.72,False,False,True,False,False,1
2025-04-29,17.69,0.18,0.28,46.5,False,False,False,False,False,0
2025-04-30,17.89,1.62,0.29,54.46,False,False,True,False,False,1
2025-05-01,18.12,1.28,0.33,55.63,False,False,True,False,False,1
2025-05-02,18.87,0.61,0.33,49.78,False,False,False,False,False,0
2025-05-03,18.33,1.81,0.32,47.98,False,False,True,False,False,1
2025-05-04,18.03,1.44,0.34,48.93,False,False,True,False,False,1
2025-05-05,18.69,0.09,0.32,42.01,False,False,True,False,False,1
2025-05-06,19.0,0.03,0.29,43.89,False,False,True,False,False,1
2025-05-07,19.92,2.15,0.3,41.43,False,False,True,False,False,1
2025-05-08,19.59,2.54,0.34,50.95,False,False,True,False,False,1
2025-05-09,18.34,7.68,0.4,60.07,False,False,True,False,False,1
2025-05-10,15.37,3.58,0.42,68.09,False,False,True,False,False,1
2025-05-11,14.99,0.66,0.38,66.13,False,False,True,False,False,1
2025-05-12,17.8,0.01,0.35,52.51,False,False,True,False,False,1
2025-05-13,18.96,0.47,0.34,51.73,False,False,True,False,False,1
2025-05-14,20.48,0.22,0.34,43.31,False,False,True,False,False,1
2025-05-15,20.45,0.02,0.33,44.14,False,False,True,False,False,1
2025-05-16,20.13,0.66,0.33,48.59,False,False,True,False,False,1
2025-05-17,20.1,0.5,0.32,49.85,False,False,False,False,False,0
2025-05-18,19.53,0.98,0.33,50.27,False,False,False,False,False,0
2025-05-19,20.41,1.22,0.33,46.45,False,False,False,False,False,0
2025-05-20,20.36,1.28,0.34,48.71,False,False,False,False,False,0
2025-05-21,20.3,0.54,0.33,50.19,False,False,True,False,False,1
2025-05-22,19.11,2.37,0.35,59.15,False,False,True,False,False,1
2025-05-23,18.5,3.45,0.37,55.54,False,False,True,False,False,1
2025-05-24,16.57,9.85,0.45,71.87,False,False,True,False,False,1
2025-05-25,16.66,13.08,0.47,74.14,False,False,True,False,False,1
2025-05-26,15.54,14.42,0.52,80.49,False,False,True,False,False,1
2025-05-27,15.77,8.9,0.47,76.84,False,False,True,False,False,1
2025-05-28,15.44,24.82,0.57,78.65,False,False,True,False,False,1
2025-05-29,15.47,12.72,0.57,79.89,False,False,True,False,False,1
2025-05-30,16.24,8.86,0.52,76.24,False,False,True,False,False,1
2025-05-31,16.32,8.01,0.55,77.27,False,False,True,False,False,1
2025-06-01,16.3,14.57,0.58,82.77,False,False,True,False,False,1
2025-06-02,16.96,13.57,0.59,80.94,False,False,True,False,False,1
2025-06-03,16.68,10.64,0.62,82.08,False,False,True,False,False,1
2025-06-04,17.21,0.89,0.56,74.24,False,False,True,False,False,1
2025-06-05,16.78,0.97,0.54,73.52,False,False,True,False,False,1
2025-06-06,16.85,0.47,0.53,69.2,False,False,True,False,False,1
2025-06-07,17.44,0.07,0.51,64.41,False,False,True,False,False,1
2025-06-08,18.11,0.16,0.5,70.09,False,False,True,False,False,1
2025-06-09,18.07,0.08,0.5,72.24,True,False,True,False,False,2
2025-06-10,18.51,2.17,0.5,68.54,True,False,False,False,False,1
2025-06-11,17.66,6.46,0.52,70.74,False,False,True,False,False,1
2025-06-12,16.28,16.5,0.57,78.82,False,False,True,False,False,1
2025-06-13,14.98,11.57,0.61,85.45,False,False,True,False,False,1
2025-06-14,14.91,15.07,0.64,84.69,False,False,True,False,False,1
2025-06-15,14.74,8.63,0.62,81.65,False,False,True,False,False,1
2025-06-16,14.59,13.88,0.65,84.01,False,False,True,False,False,1
2025-06-17,14.49,11.04,0.66,82.22,False,False,True,False,False,1
2025-06-18,14.09,10.08,0.66,84.46,False,False,True,False,False,1
2025-06-19,13.69,16.72,0.69,88.13,False,False,True,False,False,1
2025-06-20,13.66,10.04,0.69,85.42,False,False,True,False,False,1
2025-06-21,13.52,8.77,0.69,88.97,False,False,True,False,False,1
2025-06-22,13.92,19.91,0.73,89.33,False,False,True,False,False,1
2025-06-23,13.66,8.25,0.72,86.16,False,False,True,False,False,1
2025-06-24,12.84,3.57,0.7,82.42,False,False,True,False,False,1
2025-06-25,12.06,7.83,0.71,84.48,False,False,True,False,False,1
2025-06-26,13.49,7.12,0.71,84.75,False,False,True,False,False,1
2025-06-27,14.59,7.43,0.71,81.91,False,False,True,False,False,1
2025-06-28,14.4,9.35,0.73,83.93,False,False,True,False,False,1
2025-06-29,13.61,20.39,0.76,87.35,False,False,True,False,False,1
2025-06-30,13.67,10.53,0.76,88.92,False,False,True,False,False,1
2025-07-01,14.64,5.01,0.74,84.02,False,False,True,False,False,1
2025-07-02,14.99,5.83,0.74,81.81,False,False,True,False,False,1
2025-07-03,15.49,1.19,0.73,75.31,False,False,True,False,False,1
2025-07-04,15.21,0.47,0.72,68.04,False,False,True,False,False,1
2025-07-05,15.94,1.43,0.71,75.2,False,False,True,False,False,1
2025-07-06,15.12,3.28,0.71,83.08,False,False,True,False,False,1
2025-07-07,15.31,6.12,0.72,77.98,False,False,True,False,False,1
2025-07-08,14.38,5.13,0.72,80.34,False,False,True,False,False,1
2025-07-09,12.44,1.69,0.71,80.41,False,False,True,False,False,1
2025-07-10,14.06,4.4,0.71,79.49,False,False,True,False,False,1
2025-07-11,14.34,3.07,0.72,84.54,False,False,True,False,False,1
2025-07-12,14.74,11.41,0.74,83.64,False,False,True,False,False,1
2025-07-13,15.21,6.46,0.73,78.2,False,False,True,False,False,1
2025-07-14,15.49,6.57,0.73,78.03,False,False,True,False,False,1
2025-07-15,15.69,4.36,0.72,75.24,False,False,True,False,False,1
2025-07-16,15.44,0.74,0.71,71.03,False,False,True,False,False,1
2025-07-17,15.11,3.95,0.71,75.67,False,False,True,False,False,1
2025-07-18,14.69,4.65,0.71,78.94,False,False,True,False,False,1
2025-07-19,14.39,5.58,0.71,77.62,False,False,True,False,False,1
2025-07-20,13.56,1.44,0.7,80.7,False,False,True,False,False,1
2025-07-21,14.98,1.79,0.7,71.85,False,False,True,False,False,1
2025-07-22,16.15,0.86,0.68,69.33,False,False,True,False,False,1
2025-07-23,15.69,4.79,0.69,78.82,False,False,True,False,False,1
2025-07-24,15.95,4.01,0.69,75.55,False,False,True,False,False,1
2025-07-25,15.26,8.27,0.7,78.81,False,False,True,False,False,1
2025-07-26,14.98,5.37,0.7,73.36,False,False,True,False,False,1
2025-07-27,13.58,5.08,0.7,83.28,False,False,True,False,False,1
2025-07-28,13.42,2.1,0.68,80.13,False,False,True,False,False,1
2025-07-29,13.05,1.33,0.68,78.87,False,False,True,False,False,1
2025-07-30,13.94,6.12,0.68,74.26,False,False,True,False,False,1
2025-07-31,14.09,11.44,0.7,84.66,False,False,True,False,False,1
2025-08-01,14.22,3.57,0.7,79.04,False,False,True,False,False,1
2025-08-02,14.09,0.57,0.68,76.49,False,False,True,False,False,1
2025-08-03,15.17,0.67,0.67,71.97,False,False,True,False,False,1
2025-08-04,14.92,2.31,0.66,68.91,False,False,True,False,False,1
2025-08-05,14.91,3.03,0.66,74.97,False,False,True,False,False,1
2025-08-06,13.54,2.02,0.66,81.89,False,False,True,False,False,1
2025-08-07,14.57,3.67,0.66,79.28,False,False,True,False,False,1
2025-08-08,15.19,1.13,0.65,73.61,False,False,True,False,False,1
2025-08-09,15.55,1.81,0.64,72.25,False,False,True,False,False,1
2025-08-10,15.31,6.76,0.66,80.76,False,False,True,False,False,1
2025-08-11,15.91,12.93,0.68,78.8,False,False,True,False,False,1
2025-08-12,16.01,3.89,0.68,78.57,False,False,True,False,False,1
2025-08-13,15.78,4.16,0.67,77.87,False,False,True,False,False,1
2025-08-14,15.61,11.7,0.69,80.06,False,False,True,False,False,1
2025-08-15,14.89,6.94,0.7,84.27,False,False,True,False,False,1
2025-08-16,14.63,1.7,0.67,72.58,False,False,True,False,False,1
2025-08-17,14.67,5.08,0.67,75.64,False,False,True,False,False,1
2025-08-18,14.87,3.31,0.67,79.39,False,False,True,False,False,1
2025-08-19,15.55,2.66,0.66,75.59,False,False,True,False,False,1
2025-08-20,15.69,6.53,0.67,77.1,False,False,True,False,False,1
2025-08-21,15.03,9.55,0.7,81.54,False,False,True,False,False,1
2025-08-22,15.2,13.85,0.71,87.42,False,False,True,False,False,1
2025-08-23,15.52,12.46,0.72,84.55,False,False,True,False,False,1
2025-08-24,15.24,7.25,0.72,83.69,False,False,True,False,False,1
2025-08-25,15.85,7.6,0.72,79.27,False,False,True,False,False,1
2025-08-26,15.45,6.24,0.71,75.2,False,False,True,False,False,1
2025-08-27,14.32,3.5,0.71,83.02,False,False,True,False,False,1
2025-08-28,14.98,3.13,0.7,73.15,False,False,True,False,False,1
2025-08-29,15.42,2.41,0.69,76.9,False,False,True,False,False,1
2025-08-30,15.24,6.16,0.7,81.27,False,False,True,False,False,1
2025-08-31,15.06,5.47,0.7,81.27,False,False,True,False,False,1
2025-09-01,14.59,9.56,0.71,85.22,False,False,True,False,False,1
2025-09-02,13.88,13.84,0.75,90.53,False,False,True,False,False,1
2025-09-03,15.28,4.87,0.72,81.56,False,False,True,False,False,1
2025-09-04,15.16,9.0,0.74,84.43,False,False,True,False,False,1
2025-09-05,15.07,6.28,0.74,84.2,False,False,True,False,False,1
2025-09-06,16.3,4.81,0.73,79.14,False,False,True,False,False,1
2025-09-07,16.03,1.94,0.72,77.32,False,False,True,False,False,1
2025-09-08,15.84,2.09,0.71,81.98,False,False,True,False,False,1
2025-09-09,15.62,6.6,0.72,81.72,False,False,True,False,False,1
2025-09-10,14.63,5.83,0.72,83.04,False,False,True,False,False,1
2025-09-11,13.48,3.71,0.71,84.55,False,False,True,False,False,1
2025-09-12,14.29,11.82,0.73,85.85,False,False,True,False,False,1
2025-09-13,14.97,8.36,0.74,83.54,False,False,True,False,False,1
2025-09-14,15.18,3.09,0.72,77.99,False,False,True,False,False,1
2025-09-15,15.26,3.81,0.72,83.79,False,False,True,False,False,1
2025-09-16,14.43,8.08,0.73,84.78,False,False,True,False,False,1
2025-09-17,14.3,3.72,0.72,83.14,False,False,True,False,False,1
2025-09-18,15.15,4.59,0.72,83.97,False,False,True,False,False,1
2025-09-19,14.84,1.44,0.71,80.16,False,False,True,False,False,1
2025-09-20,14.39,2.01,0.71,84.04,False,False,True,False,False,1
2025-09-21,14.89,2.62,0.71,82.48,False,False,True,False,False,1
2025-09-22,15.57,0.87,0.7,80.36,False,False,True,False,False,1
2025-09-23,15.48,4.85,0.7,81.92,False,False,True,False,False,1
2025-09-24,16.12,7.3,0.71,80.85,False,False,True,False,False,1
2025-09-25,14.38,10.11,0.74,86.83,False,False,True,False,False,1
2025-09-26,14.37,7.91,0.73,83.16,False,False,True,False,False,1
2025-09-27,14.76,17.59,0.77,86.61,False,False,True,False,False,1
2025-09-28,14.63,9.95,0.76,87.18,False,False,True,False,False,1
2025-09-29,15.06,5.79,0.75,85.46,False,False,True,False,False,1
2025-09-30,14.41,6.61,0.76,80.57,False,False,True,False,False,1
2025-10-01,13.77,3.57,0.75,73.44,False,False,True,False,False,1
2025-10-02,13.51,4.22,0.74,82.72,False,False,True,False,False,1
2025-10-03,13.3,3.01,0.74,81.83,False,False,True,False,False,1
2025-10-04,12.92,5.28,0.75,86.16,False,False,True,False,False,1
2025-10-05,14.02,6.54,0.75,84.34,False,False,True,False,False,1
2025-10-06,13.81,0.81,0.75,88.33,False,False,True,False,False,1
2025-10-07,13.88,9.49,0.75,83.12,False,False,True,False,False,1
2025-10-08,12.18,27.27,0.79,88.88,False,False,True,False,False,1
2025-10-09,13.81,24.91,0.82,88.94,False,False,True,False,False,1
2025-10-10,14.19,9.22,0.8,87.57,False,False,True,False,False,1
2025-10-11,13.93,2.67,0.78,85.63,False,False,True,False,False,1
2025-10-12,14.27,0.37,0.77,78.43,False,False,True,False,False,1
2025-10-13,13.84,0.32,0.77,77.9,False,False,True,False,False,1
2025-10-14,12.71,1.14,0.76,81.27,False,False,True,False,False,1
2025-10-15,11.76,1.29,0.76,82.03,False,False,False,False,False,0
2025-10-16,13.97,0.31,0.76,80.97,False,False,True,False,False,1
2025-10-17,14.26,1.43,0.75,80.09,False,False,True,False,False,1
2025-10-18,13.99,4.52,0.76,78.69,False,False,True,False,False,1
2025-10-19,13.77,6.77,0.76,83.47,False,False,True,False,False,1
2025-10-20,13.53,1.43,0.75,82.77,False,False,True,False,False,1
2025-10-21,13.73,1.02,0.74,80.06,False,False,True,False,False,1
2025-10-22,13.43,1.79,0.74,85.18,False,False,True,False,False,1
2025-10-23,12.85,0.19,0.73,73.83,False,False,True,False,False,1
2025-10-24,13.15,0.11,0.73,66.5,False,False,True,False,False,1
2025-10-25,13.57,0.14,0.72,68.03,False,False,True,False,False,1
2025-10-26,13.92,0.02,0.71,71.0,False,False,False,False,False,0
2025-10-27,12.57,0.09,0.71,71.81,False,False,False,False,False,0
2025-10-28,12.53,0.11,0.7,67.39,False,False,False,False,False,0
2025-10-29,9.22,0.97,0.7,82.08,False,False,False,False,False,0
2025-10-30,11.15,0.08,0.69,71.53,False,False,False,False,False,0
2025-10-31,11.77,0.24,0.68,60.59,False,False,False,False,False,0
2025-11-01,12.71,0.03,0.68,64.96,False,False,False,False,False,0
2025-11-02,11.04,0.83,0.67,75.63,False,False,False,False,False,0
2025-11-03,9.62,0.3,0.67,75.5,False,False,False,False,False,0
2025-11-04,9.16,0.22,0.66,59.64,False,False,False,False,False,0
2025-11-05,10.63,0.12,0.66,68.44,False,False,False,False,False,0
2025-11-06,11.79,0.08,0.65,62.21,False,False,False,False,False,0
2025-11-07,12.86,0.01,0.65,57.99,False,False,False,False,False,0
2025-11-08,12.85,0.22,0.65,59.02,False,False,False,False,False,0
2025-11-09,12.05,1.45,0.64,64.68,False,False,False,False,False,0
2025-11-10,7.54,6.74,0.66,86.28,False,False,False,False,False,0
2025-11-11,8.96,0.24,0.65,73.93,False,False,False,False,False,0
2025-11-12,12.22,0.14,0.64,67.3,False,False,True,False,False,1
2025-11-13,11.75,0.17,0.63,71.6,False,False,False,False,False,0
2025-11-14,11.98,0.14,0.63,69.37,False,False,False,False,False,0
2025-11-15,12.84,0.17,0.62,58.68,False,False,True,False,False,1
2025-11-16,13.33,0.01,0.62,49.18,False,False,True,False,False,1
2025-11-17,13.3,0.11,0.61,58.33,False,False,False,False,False,0
2025-11-18,13.57,0.17,0.61,68.9,False,False,False,False,False,0
2025-11-19,13.32,0.19,0.61,70.14,False,False,False,False,False,0
2025-11-20,14.03,0.25,0.6,69.46,False,False,False,False,False,0
2025-11-21,13.4,0.16,0.6,73.77,False,False,False,False,False,0
2025-11-22,12.44,0.43,0.59,74.85,False,False,False,False,False,0
2025-11-23,12.58,0.19,0.59,68.53,False,False,False,False,False,0
2025-11-24,12.62,0.01,0.58,59.78,False,False,False,False,False,0
2025-11-25,13.19,0.01,0.58,58.54,False,False,False,False,False,0
2025-11-26,12.63,5.89,0.59,79.5,False,False,True,False,False,1
2025-11-27,10.94,3.42,0.6,82.96,False,False,False,False,False,0
2025-11-28,10.47,2.56,0.6,84.04,False,False,False,False,False,0
2025-11-29,12.38,0.11,0.58,73.52,False,False,True,False,False,1
2025-11-30,13.1,0.1,0.58,71.91,False,False,True,False,False,1
2025-12-01,13.22,0.14,0.57,79.36,False,False,True,False,False,1
2025-12-02,13.99,0.43,0.57,78.11,False,False,True,False,False,1
2025-12-03,14.09,0.07,0.57,72.1,False,False,True,False,False,1
2025-12-04,13.54,0.11,0.56,71.3,False,False,False,False,False,0
2025-12-05,13.01,0.4,0.56,75.61,False,False,False,False,False,0
2025-12-06,13.28,0.06,0.56,76.02,False,False,False,False,False,0
2025-12-07,13.46,1.01,0.56,78.04,False,False,False,False,False,0
2025-12-08,12.01,2.94,0.57,84.02,False,False,True,False,False,1
2025-12-09,12.1,1.62,0.57,82.23,False,False,True,False,False,1
2025-12-10,12.7,1.17,0.57,78.01,False,False,True,False,False,1
2025-12-11,12.35,0.44,0.56,75.74,False,False,True,False,False,1
2025-12-12,12.7,0.26,0.55,71.26,False,False,True,False,False,1
2025-12-13,13.15,0.34,0.55,71.4,False,False,True,False,False,1
2025-12-14,11.64,3.24,0.55,79.31,False,False,False,False,False,0
2025-12-15,9.1,2.54,0.56,82.82,False,False,False,False,False,0
2025-12-16,11.71,0.04,0.55,72.94,False,False,False,False,False,0
2025-12-17,12.09,0.39,0.54,76.5,False,False,True,False,False,1
2025-12-18,12.0,0.42,0.54,72.22,False,False,False,False,False,0
2025-12-19,10.75,0.46,0.54,76.08,False,False,False,False,False,0
2025-12-20,11.36,0.03,0.54,65.96,False,False,False,False,False,0
2025-12-21,11.33,0.35,0.53,59.5,False,False,False,False,False,0
2025-12-22,11.33,4.23,0.55,85.42,False,False,False,False,False,0
2025-12-23,11.43,0.95,0.55,80.11,False,False,False,False,False,0
2025-12-24,12.11,0.55,0.54,78.51,False,False,True,False,False,1
2025-12-25,11.68,1.68,0.54,78.6,False,False,False,False,False,0
2025-12-26,10.7,0.96,0.54,77.08,False,False,False,False,False,0
2025-12-27,10.93,0.03,0.53,70.26,False,False,False,False,False,0
2025-12-28,11.82,0.0,0.53,66.42,False,False,False,False,False,0
2025-12-29,10.39,3.98,0.54,71.36,False,False,False,False,False,0
2025-12-30,8.64,0.8,0.54,77.58,False,False,False,False,False,0
2025-12-31,10.61,0.08,0.53,72.2,False,False,False,False,False,0
2026-01-01,11.56,0.0,0.52,67.75,False,False,False,False,False,0
2026-01-02,11.77,0.0,0.52,58.3,False,False,False,False,False,0
2026-01-03,11.88,0.0,0.52,62.14,False,False,False,False,False,0
2026-01-04,12.08,0.0,0.51,62.71,False,False,False,False,False,0
2026-01-05,12.92,0.0,0.51,58.19,False,False,False,False,False,0
2026-01-06,12.19,0.0,0.51,57.75,False,False,False,False,False,0
2026-01-07,12.12,0.01,0.5,40.0,False,False,False,False,False,0
2026-01-08,11.81,0.0,0.5,66.27,False,False,False,False,False,0
2026-01-09,12.27,0.0,0.5,65.56,False,False,False,False,False,0
2026-01-10,10.4,0.73,0.5,73.91,False,False,False,False,False,0
2026-01-11,6.87,1.19,0.51,75.19,False,False,False,False,False,0
2026-01-12,9.04,0.1,0.5,71.0,False,False,False,False,False,0
2026-01-13,10.87,0.1,0.5,71.45,False,False,False,False,False,0
2026-01-14,11.5,0.54,0.5,73.56,False,False,False,False,False,0
2026-01-15,8.35,0.08,0.5,70.78,False,False,False,False,False,0
2026-01-16,11.03,0.25,0.5,72.94,False,False,False,False,False,0
2026-01-17,11.85,1.11,0.5,74.87,False,False,False,False,False,0
2026-01-18,10.78,1.08,0.5,74.12,False,False,False,False,False,0
2026-01-19,11.57,0.06,0.49,73.37,False,False,False,False,False,0
2026-01-20,11.65,0.29,0.49,67.71,False,False,False,False,False,0
2026-01-21,10.0,3.46,0.51,71.95,False,False,False,False,False,0
2026-01-22,12.02,0.31,0.5,61.65,False,False,True,False,False,1
2026-01-23,12.39,0.01,0.49,62.49,False,False,True,False,False,1
2026-01-24,11.94,0.0,0.49,67.67,False,False,False,False,False,0
2026-01-25,13.02,0.4,0.48,61.37,False,False,False,False,False,0
2026-01-26,11.98,0.39,0.48,66.6,False,False,False,False,False,0
2026-01-27,11.66,0.02,0.48,59.57,False,False,False,False,False,0
2026-01-28,11.77,0.0,0.48,55.52,False,False,False,False,False,0
2026-01-29,12.53,0.0,0.47,59.04,False,False,False,False,False,0
2026-01-30,12.22,0.85,0.48,61.79,False,False,False,False,False,0
2026-01-31,9.94,0.14,0.48,72.38,False,False,False,False,False,0
2026-02-01,9.3,0.27,0.58,73.63,False,False,False,False,False,0
2026-02-02,10.04,0.04,0.56,66.02,False,False,False,False,False,0
2026-02-03,12.8,0.03,0.54,53.7,False,False,False,False,False,0
2026-02-04,13.08,1.11,0.54,59.25,False,False,False,False,False,0
2026-02-05,9.1,0.44,0.56,71.47,False,False,False,False,False,0
2026-02-06,10.56,0.03,0.54,63.77,False,False,False,False,False,0
2026-02-07,10.83,0.0,0.52,51.99,False,False,False,False,False,0
2026-02-08,12.22,0.02,0.51,49.03,False,False,False,False,False,0
2026-02-09,13.09,0.0,0.5,47.96,False,False,False,False,False,0
2026-02-10,15.35,0.26,0.5,50.13,False,False,False,False,False,0
2026-02-11,15.33,0.09,0.5,58.97,False,False,False,False,False,0
2026-02-12,14.91,0.0,0.49,54.65,False,False,False,False,False,0
2026-02-13,15.91,0.1,0.49,48.53,False,False,False,False,False,0
2026-02-14,16.18,0.72,0.49,60.33,False,False,False,False,False,0
2026-02-15,14.87,1.14,0.51,66.32,False,False,False,False,False,0
2026-02-16,15.84,0.46,0.51,63.46,False,False,False,False,False,0
2026-02-17,16.24,0.0,0.5,51.34,False,False,False,False,False,0
2026-02-18,16.93,0.0,0.48,38.46,False,False,False,False,False,0
2026-02-19,16.76,0.0,0.47,49.26,False,False,False,False,False,0
2026-02-20,16.5,0.0,0.46,45.11,False,False,False,False,False,0
2026-02-21,15.18,0.18,0.46,50.79,False,False,False,False,False,0
2026-02-22,8.78,1.96,0.49,79.11,False,False,False,False,False,0
2026-02-23,6.6,0.06,0.5,60.91,False,False,False,False,False,0
2026-02-24,9.22,0.0,0.48,51.78,False,False,False,False,False,0
2026-02-25,13.54,0.0,0.47,40.6,False,False,False,False,False,0
2026-02-26,15.4,0.23,0.46,45.87,False,False,False,False,False,0
2026-02-27,14.79,0.04,0.45,56.89,False,False,False,False,False,0
2026-02-28,14.23,0.01,0.45,51.34,False,False,False,False,False,0
2026-03-01,14.4,0.14,0.44,47.28,False,False,False,False,False,0
2026-03-02,14.16,0.19,0.44,53.62,False,False,False,False,False,0
2026-03-03,14.54,0.24,0.44,50.24,False,False,False,False,False,0
2026-03-04,14.85,0.49,0.44,54.3,False,False,False,False,False,0
2026-03-05,12.94,3.89,0.48,68.97,False,False,False,False,False,0
2026-03-06,13.68,0.91,0.52,66.05,False,False,True,False,False,1
2026-03-07,15.46,0.33,0.49,54.34,False,False,True,False,False,1
2026-03-08,15.44,1.55,0.48,61.05,False,False,True,False,False,1
2026-03-09,16.05,0.65,0.48,62.95,False,False,True,False,False,1
2026-03-10,16.84,0.2,0.47,53.94,False,False,True,False,False,1
2026-03-11,16.87,1.04,0.45,58.16,False,False,True,False,False,1
2026-03-12,12.02,0.22,0.46,65.03,False,False,False,False,False,0
2026-03-13,14.19,0.01,0.45,59.42,False,False,False,False,False,0
2026-03-14,15.12,0.39,0.44,54.04,False,False,False,False,False,0
2026-03-15,15.7,0.32,0.44,56.72,False,False,False,False,False,0
2026-03-16,14.17,6.64,0.47,61.64,False,False,True,False,False,1
2026-03-17,11.62,13.93,0.56,78.34,False,False,False,False,False,0
2026-03-18,-999.0,-999.0,-999.0,-999.0,False,False,False,False,True,0
2026-03-19,-999.0,-999.0,-999.0,-999.0,False,False,False,False,True,0
2026-03-20,-999.0,-999.0,-999.0,-999.0,False,False,False,False,True,0
